member_name,book_title,borrowed_date,due_date,days_overdue,severity,report_generated
Dylan Smith,Team-oriented scalable groupware,11/2/2025,11/16/2025,194,High,5/29/2026
David Fisher,Virtual multimedia Internet solution,11/2/2025,11/16/2025,194,High,5/29/2026
Darrell Solomon,Enterprise-wide demand-driven secured line,11/2/2025,11/16/2025,194,High,5/29/2026
Michelle Boyd,Virtual multimedia Internet solution,11/2/2025,11/16/2025,194,High,5/29/2026
Bruce Lopez,Automated global website,11/3/2025,11/17/2025,193,High,5/29/2026
Ricardo Figueroa,Triple-buffered tertiary neural-net,11/3/2025,11/17/2025,193,High,5/29/2026
Gary Sanchez,Exclusive solution-oriented model,11/3/2025,11/17/2025,193,High,5/29/2026
Kendra Smith,Persistent next generation adapter,11/4/2025,11/18/2025,192,High,5/29/2026
Frederick Thompson,Reduced value-added circuit,11/4/2025,11/18/2025,192,High,5/29/2026
Olivia Smith,Team-oriented scalable groupware,11/5/2025,11/19/2025,191,High,5/29/2026
Maria Washington,Team-oriented scalable groupware,11/5/2025,11/19/2025,191,High,5/29/2026
Alyssa Martin,Managed didactic projection,11/5/2025,11/19/2025,191,High,5/29/2026
James Rodriguez,Virtual multimedia Internet solution,11/6/2025,11/20/2025,190,High,5/29/2026
Ms. Victoria Allison MD,Organized empowering archive,11/6/2025,11/20/2025,190,High,5/29/2026
David Hopkins,Grass-roots non-volatile customer loyalty,11/6/2025,11/20/2025,190,High,5/29/2026
Amy Rogers,Multi-channeled well-modulated circuit,11/6/2025,11/20/2025,190,High,5/29/2026
Antonio Allen,Multi-channeled well-modulated circuit,11/7/2025,11/21/2025,189,High,5/29/2026
Carrie Reyes,Automated global website,11/7/2025,11/21/2025,189,High,5/29/2026
Kathryn Wilson,Exclusive solution-oriented model,11/8/2025,11/22/2025,188,High,5/29/2026
Rebecca Mccoy,Front-line composite policy,11/8/2025,11/22/2025,188,High,5/29/2026
Chelsea Morgan,Secured attitude-oriented framework,11/8/2025,11/22/2025,188,High,5/29/2026
Sandra Barrett,Team-oriented scalable groupware,11/9/2025,11/23/2025,187,High,5/29/2026
Anne Dixon,Cross-group zero tolerance firmware,11/9/2025,11/23/2025,187,High,5/29/2026
Joshua Wolfe,Exclusive solution-oriented model,11/10/2025,11/24/2025,186,High,5/29/2026
James Mcdonald,Team-oriented scalable groupware,11/10/2025,11/24/2025,186,High,5/29/2026
Lawrence Parks,Grass-roots non-volatile customer loyalty,11/11/2025,11/25/2025,185,High,5/29/2026
Sandra Reeves,User-friendly disintermediate parallelism,11/11/2025,11/25/2025,185,High,5/29/2026
Jill Jones,Multi-channeled well-modulated circuit,11/13/2025,11/27/2025,183,High,5/29/2026
Samantha Thompson,Organized empowering archive,11/13/2025,11/27/2025,183,High,5/29/2026
Jeffrey Schmidt,Managed didactic projection,11/13/2025,11/27/2025,183,High,5/29/2026
Scott Jones,Focused intermediate projection,11/14/2025,11/28/2025,182,High,5/29/2026
Jamie Watkins,Virtual multimedia Internet solution,11/15/2025,11/29/2025,181,High,5/29/2026
Ryan Wilson,Secured attitude-oriented framework,11/15/2025,11/29/2025,181,High,5/29/2026
Heather Mcintyre,Triple-buffered tertiary neural-net,11/16/2025,11/30/2025,180,High,5/29/2026
Andrew Wright,Grass-roots non-volatile customer loyalty,11/17/2025,12/1/2025,179,High,5/29/2026
Holly Park,Team-oriented scalable groupware,11/17/2025,12/1/2025,179,High,5/29/2026
Gabriel Galvan,Front-line composite policy,11/17/2025,12/1/2025,179,High,5/29/2026
Rose Anderson,Enterprise-wide demand-driven secured line,11/18/2025,12/2/2025,178,High,5/29/2026
Rachel Mcdaniel,Organized empowering archive,11/18/2025,12/2/2025,178,High,5/29/2026
Jennifer James,Centralized mobile archive,11/18/2025,12/2/2025,178,High,5/29/2026
Matthew Smith,Organized empowering archive,11/18/2025,12/2/2025,178,High,5/29/2026
Samuel Sanders,Persistent next generation adapter,11/18/2025,12/2/2025,178,High,5/29/2026
Thomas Armstrong,Cross-group zero tolerance firmware,11/19/2025,12/3/2025,177,High,5/29/2026
Brandon Carson,Automated well-modulated neural-net,11/20/2025,12/4/2025,176,High,5/29/2026
Christopher Cantrell,Triple-buffered tertiary neural-net,11/20/2025,12/4/2025,176,High,5/29/2026
Brandon Carson,Triple-buffered tertiary neural-net,11/21/2025,12/5/2025,175,High,5/29/2026
Sarah Pierce,Grass-roots non-volatile customer loyalty,11/21/2025,12/5/2025,175,High,5/29/2026
Michael Porter,Cross-group zero tolerance firmware,11/21/2025,12/5/2025,175,High,5/29/2026
Kayla West,Cross-group zero tolerance firmware,11/21/2025,12/5/2025,175,High,5/29/2026
Melissa Herrera,Secured attitude-oriented framework,11/21/2025,12/5/2025,175,High,5/29/2026
Marcus Wilson,Focused intermediate projection,11/21/2025,12/5/2025,175,High,5/29/2026
Kara Roman,Centralized mobile archive,11/22/2025,12/6/2025,174,High,5/29/2026
Nathaniel Benton,Cross-group zero tolerance firmware,11/22/2025,12/6/2025,174,High,5/29/2026
Lisa Andrade,User-friendly disintermediate parallelism,11/22/2025,12/6/2025,174,High,5/29/2026
Raymond Macias,Persistent next generation adapter,11/23/2025,12/7/2025,173,High,5/29/2026
Beth Rangel,Automated global website,11/24/2025,12/8/2025,172,High,5/29/2026
Thomas Hernandez,Triple-buffered tertiary neural-net,11/25/2025,12/9/2025,171,High,5/29/2026
Robin Castro,Focused intermediate projection,11/25/2025,12/9/2025,171,High,5/29/2026
Curtis Moore,Exclusive solution-oriented model,11/25/2025,12/9/2025,171,High,5/29/2026
Daniel Daniels,Front-line composite policy,11/25/2025,12/9/2025,171,High,5/29/2026
Danielle Schroeder,Enterprise-wide demand-driven secured line,11/27/2025,12/11/2025,169,High,5/29/2026
Lauren Hester,Grass-roots non-volatile customer loyalty,11/28/2025,12/12/2025,168,High,5/29/2026
Robert Walker,Persistent next generation adapter,11/29/2025,12/13/2025,167,High,5/29/2026
Patricia Morris,Centralized mobile archive,11/29/2025,12/13/2025,167,High,5/29/2026
Kirsten Warner,Organized empowering archive,11/29/2025,12/13/2025,167,High,5/29/2026
Carolyn Murray,Centralized mobile archive,11/29/2025,12/13/2025,167,High,5/29/2026
Ruth Parker,Focused intermediate projection,12/1/2025,12/15/2025,165,High,5/29/2026
Theresa Hood,Grass-roots non-volatile customer loyalty,12/1/2025,12/15/2025,165,High,5/29/2026
Chelsea Morgan,Focused intermediate projection,12/1/2025,12/15/2025,165,High,5/29/2026
Kayla Martin,Cross-group zero tolerance firmware,12/2/2025,12/16/2025,164,High,5/29/2026
Sarah Dodson,Automated well-modulated neural-net,12/2/2025,12/16/2025,164,High,5/29/2026
Scott Patel,Organized empowering archive,12/2/2025,12/16/2025,164,High,5/29/2026
Alyssa Martin,Implemented human-resource superstructure,12/3/2025,12/17/2025,163,High,5/29/2026
Denise Harris,Team-oriented scalable groupware,12/4/2025,12/18/2025,162,High,5/29/2026
Bryan Franklin,Virtual multimedia Internet solution,12/4/2025,12/18/2025,162,High,5/29/2026
Robert Berg,User-friendly disintermediate parallelism,12/4/2025,12/18/2025,162,High,5/29/2026
Nicholas Smith,Cross-group zero tolerance firmware,12/4/2025,12/18/2025,162,High,5/29/2026
Erik Acosta,Secured attitude-oriented framework,12/4/2025,12/18/2025,162,High,5/29/2026
Meagan Potter,Grass-roots non-volatile customer loyalty,12/5/2025,12/19/2025,161,High,5/29/2026
Ryan Wilson,Implemented human-resource superstructure,12/5/2025,12/19/2025,161,High,5/29/2026
Mr. Eddie Haynes,Team-oriented scalable groupware,12/6/2025,12/20/2025,160,High,5/29/2026
Rebekah Carter,Triple-buffered tertiary neural-net,12/6/2025,12/20/2025,160,High,5/29/2026
Antonio Allen,Grass-roots non-volatile customer loyalty,12/6/2025,12/20/2025,160,High,5/29/2026
Erik Acosta,Exclusive solution-oriented model,12/6/2025,12/20/2025,160,High,5/29/2026
Maria Myers,Cross-group zero tolerance firmware,12/7/2025,12/21/2025,159,High,5/29/2026
Christopher Boyd,Team-oriented scalable groupware,12/7/2025,12/21/2025,159,High,5/29/2026
Jason Norris,Virtual multimedia Internet solution,12/7/2025,12/21/2025,159,High,5/29/2026
Jenna Crawford,Exclusive solution-oriented model,12/8/2025,12/22/2025,158,High,5/29/2026
Amy Hunt,Virtual multimedia Internet solution,12/8/2025,12/22/2025,158,High,5/29/2026
David Payne,User-friendly disintermediate parallelism,12/8/2025,12/22/2025,158,High,5/29/2026
Mrs. Carol Douglas,Triple-buffered tertiary neural-net,12/10/2025,12/24/2025,156,High,5/29/2026
Benjamin Becker,Multi-channeled well-modulated circuit,12/10/2025,12/24/2025,156,High,5/29/2026
Brent Davidson,Managed didactic projection,12/10/2025,12/24/2025,156,High,5/29/2026
Amber Norman,Automated well-modulated neural-net,12/11/2025,12/25/2025,155,High,5/29/2026
Holly Park,Centralized mobile archive,12/11/2025,12/25/2025,155,High,5/29/2026
William Barnes,Centralized mobile archive,12/11/2025,12/25/2025,155,High,5/29/2026
Lucas Wade,Implemented human-resource superstructure,12/11/2025,12/25/2025,155,High,5/29/2026
Ryan Robinson,Front-line composite policy,12/11/2025,12/25/2025,155,High,5/29/2026
Autumn Huffman,Front-line composite policy,12/12/2025,12/26/2025,154,High,5/29/2026
Samantha Adams,Cross-group zero tolerance firmware,12/12/2025,12/26/2025,154,High,5/29/2026
Allison Garza,Enterprise-wide demand-driven secured line,12/12/2025,12/26/2025,154,High,5/29/2026
Alicia Matthews,Grass-roots non-volatile customer loyalty,12/13/2025,12/27/2025,153,High,5/29/2026
Joan Harris,User-friendly disintermediate parallelism,12/13/2025,12/27/2025,153,High,5/29/2026
Karla Garcia,Virtual multimedia Internet solution,12/13/2025,12/27/2025,153,High,5/29/2026
Tina Simmons,Managed didactic projection,12/15/2025,12/29/2025,151,High,5/29/2026
Vincent Melton,Front-line composite policy,12/15/2025,12/29/2025,151,High,5/29/2026
James Savage,Front-line composite policy,12/16/2025,12/30/2025,150,High,5/29/2026
William Gutierrez,Automated global website,12/16/2025,12/30/2025,150,High,5/29/2026
Anthony Garcia,Triple-buffered tertiary neural-net,12/16/2025,12/30/2025,150,High,5/29/2026
Samantha Schmitt,Team-oriented scalable groupware,12/17/2025,12/31/2025,149,High,5/29/2026
Joshua Jackson,Front-line composite policy,12/18/2025,1/1/2026,148,High,5/29/2026
Tara Ryan,Automated well-modulated neural-net,12/19/2025,1/2/2026,147,High,5/29/2026
Jacqueline Foster,Managed didactic projection,12/19/2025,1/2/2026,147,High,5/29/2026
John Doyle,Cross-group zero tolerance firmware,12/19/2025,1/2/2026,147,High,5/29/2026
Mr. Eddie Haynes,Exclusive solution-oriented model,12/20/2025,1/3/2026,146,High,5/29/2026
Thomas Hernandez,Focused intermediate projection,12/21/2025,1/4/2026,145,High,5/29/2026
Brandy Green,Exclusive solution-oriented model,12/21/2025,1/4/2026,145,High,5/29/2026
Amy Rogers,Grass-roots non-volatile customer loyalty,12/21/2025,1/4/2026,145,High,5/29/2026
Kenneth Payne,Persistent next generation adapter,12/21/2025,1/4/2026,145,High,5/29/2026
Jessica Salazar,Exclusive solution-oriented model,12/22/2025,1/5/2026,144,High,5/29/2026
Matthew Garcia,Persistent next generation adapter,12/23/2025,1/6/2026,143,High,5/29/2026
Christopher Boyd,Managed didactic projection,12/24/2025,1/7/2026,142,High,5/29/2026
Jason Norris,Grass-roots non-volatile customer loyalty,12/24/2025,1/7/2026,142,High,5/29/2026
Tara Ryan,Team-oriented scalable groupware,12/25/2025,1/8/2026,141,High,5/29/2026
Scott Patel,Front-line composite policy,12/25/2025,1/8/2026,141,High,5/29/2026
Valerie Pollard,Triple-buffered tertiary neural-net,12/26/2025,1/9/2026,140,High,5/29/2026
Cindy Allen,Cross-group zero tolerance firmware,12/26/2025,1/9/2026,140,High,5/29/2026
Jessica Travis,Multi-channeled well-modulated circuit,12/27/2025,1/10/2026,139,High,5/29/2026
Michael Yoder,Focused intermediate projection,12/27/2025,1/10/2026,139,High,5/29/2026
Rhonda Walker,Implemented human-resource superstructure,12/28/2025,1/11/2026,138,High,5/29/2026
Charles Greene,Focused intermediate projection,12/28/2025,1/11/2026,138,High,5/29/2026
Diane Fernandez,Exclusive solution-oriented model,12/28/2025,1/11/2026,138,High,5/29/2026
John Doyle,Grass-roots non-volatile customer loyalty,12/28/2025,1/11/2026,138,High,5/29/2026
David Payne,Focused intermediate projection,12/30/2025,1/13/2026,136,High,5/29/2026
Michelle Boyd,Grass-roots non-volatile customer loyalty,12/30/2025,1/13/2026,136,High,5/29/2026
Melanie Lopez,Team-oriented scalable groupware,12/31/2025,1/14/2026,135,High,5/29/2026
Sandra Barrett,Front-line composite policy,1/1/2026,1/15/2026,134,High,5/29/2026
Victoria Phillips,User-friendly disintermediate parallelism,1/1/2026,1/15/2026,134,High,5/29/2026
Karla Garcia,Exclusive solution-oriented model,1/1/2026,1/15/2026,134,High,5/29/2026
Maria Washington,Persistent next generation adapter,1/1/2026,1/15/2026,134,High,5/29/2026
Curtis Rogers,Centralized mobile archive,1/2/2026,1/16/2026,133,High,5/29/2026
Kayla Thomas,Team-oriented scalable groupware,1/2/2026,1/16/2026,133,High,5/29/2026
Lynn Hobbs,Grass-roots non-volatile customer loyalty,1/2/2026,1/16/2026,133,High,5/29/2026
Eric Farmer,Exclusive solution-oriented model,1/4/2026,1/18/2026,131,High,5/29/2026
Shelly Martinez,Team-oriented scalable groupware,1/4/2026,1/18/2026,131,High,5/29/2026
Amber Simmons,Centralized mobile archive,1/4/2026,1/18/2026,131,High,5/29/2026
Jorge Vazquez,Focused intermediate projection,1/5/2026,1/19/2026,130,High,5/29/2026
Trevor Miller,Automated global website,1/5/2026,1/19/2026,130,High,5/29/2026
James Rodriguez,User-friendly disintermediate parallelism,1/5/2026,1/19/2026,130,High,5/29/2026
Daniel Gonzalez,Implemented human-resource superstructure,1/6/2026,1/20/2026,129,High,5/29/2026
Dr. Ian Gross,Virtual multimedia Internet solution,1/6/2026,1/20/2026,129,High,5/29/2026
Phyllis Lee,Secured attitude-oriented framework,1/7/2026,1/21/2026,128,High,5/29/2026
Timothy Cain,Cross-group zero tolerance firmware,1/7/2026,1/21/2026,128,High,5/29/2026
Michael Rivera,Team-oriented scalable groupware,1/7/2026,1/21/2026,128,High,5/29/2026
William Graham,Virtual multimedia Internet solution,1/7/2026,1/21/2026,128,High,5/29/2026
Daniel Gardner,Centralized mobile archive,1/7/2026,1/21/2026,128,High,5/29/2026
Erica West,Secured attitude-oriented framework,1/8/2026,1/22/2026,127,High,5/29/2026
Jennifer Morris,Organized empowering archive,1/8/2026,1/22/2026,127,High,5/29/2026
Todd Carter,Persistent next generation adapter,1/8/2026,1/22/2026,127,High,5/29/2026
Melanie Alvarado,Automated well-modulated neural-net,1/8/2026,1/22/2026,127,High,5/29/2026
Anne Dixon,Automated global website,1/8/2026,1/22/2026,127,High,5/29/2026
Sabrina Lewis,Centralized mobile archive,1/9/2026,1/23/2026,126,High,5/29/2026
John Mckinney,Cross-group zero tolerance firmware,1/10/2026,1/24/2026,125,High,5/29/2026
Alexander Gonzalez,Centralized mobile archive,1/10/2026,1/24/2026,125,High,5/29/2026
Beth Powell,Focused intermediate projection,1/10/2026,1/24/2026,125,High,5/29/2026
Lisa Logan,Focused intermediate projection,1/11/2026,1/25/2026,124,High,5/29/2026
Brandon Carroll,Front-line composite policy,1/12/2026,1/26/2026,123,High,5/29/2026
Brandon Collins,Centralized mobile archive,1/13/2026,1/27/2026,122,High,5/29/2026
Christopher Moore,Focused intermediate projection,1/13/2026,1/27/2026,122,High,5/29/2026
Joseph Rogers,Centralized mobile archive,1/14/2026,1/28/2026,121,High,5/29/2026
Norman Miller,Persistent next generation adapter,1/14/2026,1/28/2026,121,High,5/29/2026
David Hopkins,Cross-group zero tolerance firmware,1/14/2026,1/28/2026,121,High,5/29/2026
Kristen Hudson,Grass-roots non-volatile customer loyalty,1/14/2026,1/28/2026,121,High,5/29/2026
Jessica Oneill,Cross-group zero tolerance firmware,1/15/2026,1/29/2026,120,High,5/29/2026
Patrick Kent,Team-oriented scalable groupware,1/15/2026,1/29/2026,120,High,5/29/2026
Jessica Hall,Centralized mobile archive,1/16/2026,1/30/2026,119,High,5/29/2026
Lindsey Davis,Front-line composite policy,1/16/2026,1/30/2026,119,High,5/29/2026
Cheryl Williams,User-friendly disintermediate parallelism,1/17/2026,1/31/2026,118,High,5/29/2026
David Patterson,Organized empowering archive,1/17/2026,1/31/2026,118,High,5/29/2026
Justin Brown,Focused intermediate projection,1/18/2026,2/1/2026,117,High,5/29/2026
Jeremy Greene,Front-line composite policy,1/18/2026,2/1/2026,117,High,5/29/2026
Holly Burton,Cross-group zero tolerance firmware,1/18/2026,2/1/2026,117,High,5/29/2026
Mark Scott,Exclusive solution-oriented model,1/18/2026,2/1/2026,117,High,5/29/2026
Heather Mcintyre,Team-oriented scalable groupware,1/19/2026,2/2/2026,116,High,5/29/2026
Brandi Jones,Focused intermediate projection,1/19/2026,2/2/2026,116,High,5/29/2026
Ms. Victoria Allison MD,Managed didactic projection,1/19/2026,2/2/2026,116,High,5/29/2026
Eileen Patton,User-friendly disintermediate parallelism,1/19/2026,2/2/2026,116,High,5/29/2026
Krista Smith PhD,Reduced value-added circuit,1/20/2026,2/3/2026,115,High,5/29/2026
Amy Myers,Enterprise-wide demand-driven secured line,1/20/2026,2/3/2026,115,High,5/29/2026
Mrs. Carol Douglas,Front-line composite policy,1/21/2026,2/4/2026,114,High,5/29/2026
Suzanne Welch,Team-oriented scalable groupware,1/21/2026,2/4/2026,114,High,5/29/2026
Suzanne Wright,Centralized mobile archive,1/21/2026,2/4/2026,114,High,5/29/2026
Keith Walton,Implemented human-resource superstructure,1/21/2026,2/4/2026,114,High,5/29/2026
Natalie Carrillo,Exclusive solution-oriented model,1/22/2026,2/5/2026,113,High,5/29/2026
Anita Fletcher,Automated global website,1/22/2026,2/5/2026,113,High,5/29/2026
Jacqueline Foster,Triple-buffered tertiary neural-net,1/23/2026,2/6/2026,112,High,5/29/2026
Felicia Perez,Team-oriented scalable groupware,1/23/2026,2/6/2026,112,High,5/29/2026
Angela Thomas,Grass-roots non-volatile customer loyalty,1/23/2026,2/6/2026,112,High,5/29/2026
Victoria Phillips,Centralized mobile archive,1/24/2026,2/7/2026,111,High,5/29/2026
Crystal Ramirez,Grass-roots non-volatile customer loyalty,1/25/2026,2/8/2026,110,High,5/29/2026
Daniel Daniels,Managed didactic projection,1/25/2026,2/8/2026,110,High,5/29/2026
Nancy Moyer,Exclusive solution-oriented model,1/26/2026,2/9/2026,109,High,5/29/2026
Cassie Mitchell,Virtual multimedia Internet solution,1/26/2026,2/9/2026,109,High,5/29/2026
Tommy Thomas,Virtual multimedia Internet solution,1/26/2026,2/9/2026,109,High,5/29/2026
Samantha Richards,Organized empowering archive,1/27/2026,2/10/2026,108,High,5/29/2026
Frank Simpson,Cross-group zero tolerance firmware,1/28/2026,2/11/2026,107,High,5/29/2026
Robert Walker,Focused intermediate projection,1/28/2026,2/11/2026,107,High,5/29/2026
Richard Miller,Cross-group zero tolerance firmware,1/28/2026,2/11/2026,107,High,5/29/2026
Mary Hunt,Grass-roots non-volatile customer loyalty,1/29/2026,2/12/2026,106,High,5/29/2026
Mrs. Kristine French,Cross-group zero tolerance firmware,1/29/2026,2/12/2026,106,High,5/29/2026
Julie Perry,Front-line composite policy,1/29/2026,2/12/2026,106,High,5/29/2026
Lucas Thomas,Organized empowering archive,1/29/2026,2/12/2026,106,High,5/29/2026
Monica Barnes,Exclusive solution-oriented model,1/29/2026,2/12/2026,106,High,5/29/2026
Nicole Oconnell,Secured attitude-oriented framework,1/30/2026,2/13/2026,105,High,5/29/2026
Lindsey Davis,Persistent next generation adapter,1/30/2026,2/13/2026,105,High,5/29/2026
Marcus Wilson,Cross-group zero tolerance firmware,1/31/2026,2/14/2026,104,High,5/29/2026
Andrew Shaffer,Exclusive solution-oriented model,2/1/2026,2/15/2026,103,High,5/29/2026
Virginia Hartman,Triple-buffered tertiary neural-net,2/2/2026,2/16/2026,102,High,5/29/2026
Kathleen Burnett,Persistent next generation adapter,2/5/2026,2/19/2026,99,High,5/29/2026
Matthew Barry,Triple-buffered tertiary neural-net,2/5/2026,2/19/2026,99,High,5/29/2026
Peter Clark,Secured attitude-oriented framework,2/5/2026,2/19/2026,99,High,5/29/2026
Tina Simmons,Automated well-modulated neural-net,2/6/2026,2/20/2026,98,High,5/29/2026
Curtis Rogers,Triple-buffered tertiary neural-net,2/6/2026,2/20/2026,98,High,5/29/2026
Rebecca Deleon,Managed didactic projection,2/6/2026,2/20/2026,98,High,5/29/2026
Adam Dorsey,Cross-group zero tolerance firmware,2/7/2026,2/21/2026,97,High,5/29/2026
Laura Hamilton,Centralized mobile archive,2/8/2026,2/22/2026,96,High,5/29/2026
Richard Fry,Triple-buffered tertiary neural-net,2/8/2026,2/22/2026,96,High,5/29/2026
Kelly Bridges,Organized empowering archive,2/8/2026,2/22/2026,96,High,5/29/2026
Billy Carpenter,Centralized mobile archive,2/8/2026,2/22/2026,96,High,5/29/2026
Richard Carter,Managed didactic projection,2/9/2026,2/23/2026,95,High,5/29/2026
Patricia Romero,User-friendly disintermediate parallelism,2/9/2026,2/23/2026,95,High,5/29/2026
Pamela Berry,Exclusive solution-oriented model,2/9/2026,2/23/2026,95,High,5/29/2026
David Crawford,Exclusive solution-oriented model,2/9/2026,2/23/2026,95,High,5/29/2026
Jose Mcdonald,Focused intermediate projection,2/10/2026,2/24/2026,94,High,5/29/2026
Jacqueline Guzman,Managed didactic projection,2/10/2026,2/24/2026,94,High,5/29/2026
Andrew Lawrence,Automated well-modulated neural-net,2/10/2026,2/24/2026,94,High,5/29/2026
Renee Reyes,Team-oriented scalable groupware,2/11/2026,2/25/2026,93,High,5/29/2026
Jessica Oneill,Team-oriented scalable groupware,2/11/2026,2/25/2026,93,High,5/29/2026
Joel Banks,Grass-roots non-volatile customer loyalty,2/11/2026,2/25/2026,93,High,5/29/2026
Amber Norman,Enterprise-wide demand-driven secured line,2/12/2026,2/26/2026,92,High,5/29/2026
Stephanie Wong,Virtual multimedia Internet solution,2/12/2026,2/26/2026,92,High,5/29/2026
Robert Walker,Cross-group zero tolerance firmware,2/12/2026,2/26/2026,92,High,5/29/2026
Melanie Lopez,Grass-roots non-volatile customer loyalty,2/12/2026,2/26/2026,92,High,5/29/2026
Kirk Phillips,Exclusive solution-oriented model,2/12/2026,2/26/2026,92,High,5/29/2026
Jeffrey Schmidt,Focused intermediate projection,2/13/2026,2/27/2026,91,High,5/29/2026
Jody Ochoa,Secured attitude-oriented framework,2/14/2026,2/28/2026,90,High,5/29/2026
Rebekah Carter,Exclusive solution-oriented model,2/14/2026,2/28/2026,90,High,5/29/2026
Kelli Roth,Reduced value-added circuit,2/14/2026,2/28/2026,90,High,5/29/2026
Peter Williams,Multi-channeled well-modulated circuit,2/15/2026,3/1/2026,89,High,5/29/2026
Kayla Martin,Persistent next generation adapter,2/15/2026,3/1/2026,89,High,5/29/2026
Michael Lee,Front-line composite policy,2/16/2026,3/2/2026,88,High,5/29/2026
Stephanie King,Exclusive solution-oriented model,2/16/2026,3/2/2026,88,High,5/29/2026
Victoria Long,Triple-buffered tertiary neural-net,2/17/2026,3/3/2026,87,High,5/29/2026
Jean Johnson,Triple-buffered tertiary neural-net,2/17/2026,3/3/2026,87,High,5/29/2026
Carol Young,Organized empowering archive,2/18/2026,3/4/2026,86,High,5/29/2026
Jessica Sanchez,Virtual multimedia Internet solution,2/18/2026,3/4/2026,86,High,5/29/2026
Kathryn Wilson,Team-oriented scalable groupware,2/18/2026,3/4/2026,86,High,5/29/2026
Brent Davidson,Managed didactic projection,2/19/2026,3/5/2026,85,High,5/29/2026
Ms. Victoria Allison MD,Triple-buffered tertiary neural-net,2/19/2026,3/5/2026,85,High,5/29/2026
Katherine Ramos,Persistent next generation adapter,2/19/2026,3/5/2026,85,High,5/29/2026
David Holloway,Front-line composite policy,2/20/2026,3/6/2026,84,High,5/29/2026
Lynn Hobbs,Team-oriented scalable groupware,2/20/2026,3/6/2026,84,High,5/29/2026
David Barker,Reduced value-added circuit,2/21/2026,3/7/2026,83,High,5/29/2026
Caleb Roman,Automated well-modulated neural-net,2/22/2026,3/8/2026,82,High,5/29/2026
Brandy Murphy,Exclusive solution-oriented model,2/22/2026,3/8/2026,82,High,5/29/2026
Samantha Mason,Exclusive solution-oriented model,2/22/2026,3/8/2026,82,High,5/29/2026
Matthew Smith,Automated well-modulated neural-net,2/22/2026,3/8/2026,82,High,5/29/2026
Richard Perez,Centralized mobile archive,2/23/2026,3/9/2026,81,High,5/29/2026
Gregory Warren,Grass-roots non-volatile customer loyalty,2/23/2026,3/9/2026,81,High,5/29/2026
Renee Reyes,Centralized mobile archive,2/24/2026,3/10/2026,80,High,5/29/2026
Gregory Warren,Triple-buffered tertiary neural-net,2/24/2026,3/10/2026,80,High,5/29/2026
Joshua Jackson,Focused intermediate projection,2/24/2026,3/10/2026,80,High,5/29/2026
Lisa Andrade,Managed didactic projection,2/24/2026,3/10/2026,80,High,5/29/2026
Donna Martinez,Triple-buffered tertiary neural-net,2/25/2026,3/11/2026,79,High,5/29/2026
John Evans,Implemented human-resource superstructure,2/25/2026,3/11/2026,79,High,5/29/2026
Zachary Gonzales,Exclusive solution-oriented model,2/25/2026,3/11/2026,79,High,5/29/2026
Tristan Fuentes,Enterprise-wide demand-driven secured line,2/25/2026,3/11/2026,79,High,5/29/2026
Jerry Wang,Organized empowering archive,2/26/2026,3/12/2026,78,High,5/29/2026
Audrey Johnson,Automated well-modulated neural-net,2/26/2026,3/12/2026,78,High,5/29/2026
Theresa Dyer,Focused intermediate projection,2/26/2026,3/12/2026,78,High,5/29/2026
Michael Yoder,Cross-group zero tolerance firmware,2/26/2026,3/12/2026,78,High,5/29/2026
Kevin Armstrong,Focused intermediate projection,2/26/2026,3/12/2026,78,High,5/29/2026
Rose Irwin,Triple-buffered tertiary neural-net,2/27/2026,3/13/2026,77,High,5/29/2026
Jordan Johnson,Team-oriented scalable groupware,2/27/2026,3/13/2026,77,High,5/29/2026
Robert Figueroa,Persistent next generation adapter,2/28/2026,3/14/2026,76,High,5/29/2026
Deanna Ellis,Triple-buffered tertiary neural-net,2/28/2026,3/14/2026,76,High,5/29/2026
Cheryl Mckenzie,Centralized mobile archive,2/28/2026,3/14/2026,76,High,5/29/2026
Frances Quinn,Cross-group zero tolerance firmware,3/1/2026,3/15/2026,75,High,5/29/2026
Maria Washington,Enterprise-wide demand-driven secured line,3/1/2026,3/15/2026,75,High,5/29/2026
Brent Davidson,Cross-group zero tolerance firmware,3/1/2026,3/15/2026,75,High,5/29/2026
Sabrina Morse,Front-line composite policy,3/1/2026,3/15/2026,75,High,5/29/2026
Tyler Stewart,Front-line composite policy,3/1/2026,3/15/2026,75,High,5/29/2026
James Kennedy,Virtual multimedia Internet solution,3/1/2026,3/15/2026,75,High,5/29/2026
David Barker,Front-line composite policy,3/3/2026,3/17/2026,73,High,5/29/2026
Christopher Hall,Cross-group zero tolerance firmware,3/3/2026,3/17/2026,73,High,5/29/2026
Alyssa Martin,Exclusive solution-oriented model,3/4/2026,3/18/2026,72,High,5/29/2026
Miss Colleen Phillips DVM,Team-oriented scalable groupware,3/5/2026,3/19/2026,71,High,5/29/2026
Tracey Martin,Persistent next generation adapter,3/5/2026,3/19/2026,71,High,5/29/2026
Elizabeth Price,Reduced value-added circuit,3/6/2026,3/20/2026,70,High,5/29/2026
Curtis Moore,Team-oriented scalable groupware,3/6/2026,3/20/2026,70,High,5/29/2026
Alexander Howard,Persistent next generation adapter,3/7/2026,3/21/2026,69,High,5/29/2026
William Graham,Multi-channeled well-modulated circuit,3/8/2026,3/22/2026,68,High,5/29/2026
Tommy Thomas,Managed didactic projection,3/8/2026,3/22/2026,68,High,5/29/2026
Jonathan Jensen,Focused intermediate projection,3/9/2026,3/23/2026,67,High,5/29/2026
Brianna Stewart,Multi-channeled well-modulated circuit,3/9/2026,3/23/2026,67,High,5/29/2026
Todd Carter,Multi-channeled well-modulated circuit,3/9/2026,3/23/2026,67,High,5/29/2026
Michael Mays,Virtual multimedia Internet solution,3/9/2026,3/23/2026,67,High,5/29/2026
Derek Mendoza,Cross-group zero tolerance firmware,3/10/2026,3/24/2026,66,High,5/29/2026
Lauren Hooper,Front-line composite policy,3/11/2026,3/25/2026,65,High,5/29/2026
Stephen Smith,Multi-channeled well-modulated circuit,3/11/2026,3/25/2026,65,High,5/29/2026
Madison Lewis,Team-oriented scalable groupware,3/13/2026,3/27/2026,63,High,5/29/2026
Chelsey Orr,Cross-group zero tolerance firmware,3/14/2026,3/28/2026,62,High,5/29/2026
William Bishop,User-friendly disintermediate parallelism,3/15/2026,3/29/2026,61,High,5/29/2026
Julie Perry,Exclusive solution-oriented model,3/15/2026,3/29/2026,61,High,5/29/2026
Kayla West,Centralized mobile archive,3/16/2026,3/30/2026,60,High,5/29/2026
Charles Wilkerson,User-friendly disintermediate parallelism,3/16/2026,3/30/2026,60,High,5/29/2026
Michelle Wright,Reduced value-added circuit,3/16/2026,3/30/2026,60,High,5/29/2026
Stephanie Kim,Front-line composite policy,3/17/2026,3/31/2026,59,High,5/29/2026
James Cruz,Secured attitude-oriented framework,3/17/2026,3/31/2026,59,High,5/29/2026
Richard Campbell,Managed didactic projection,3/17/2026,3/31/2026,59,High,5/29/2026
Tina Roberts,Reduced value-added circuit,3/17/2026,3/31/2026,59,High,5/29/2026
Tony Coleman,Team-oriented scalable groupware,3/18/2026,4/1/2026,58,High,5/29/2026
Michael Scott,Multi-channeled well-modulated circuit,3/18/2026,4/1/2026,58,High,5/29/2026
Lindsey Davis,Front-line composite policy,3/18/2026,4/1/2026,58,High,5/29/2026
Joshua Jackson,Implemented human-resource superstructure,3/21/2026,4/4/2026,55,High,5/29/2026
Dr. Dawn Perez,Front-line composite policy,3/22/2026,4/5/2026,54,High,5/29/2026
Samantha Roberts,Front-line composite policy,3/22/2026,4/5/2026,54,High,5/29/2026
John Day,Focused intermediate projection,3/22/2026,4/5/2026,54,High,5/29/2026
Mr. Colton King DDS,Front-line composite policy,3/22/2026,4/5/2026,54,High,5/29/2026
Michael Lee,Implemented human-resource superstructure,3/23/2026,4/6/2026,53,High,5/29/2026
Xavier Torres,Multi-channeled well-modulated circuit,3/23/2026,4/6/2026,53,High,5/29/2026
Thomas Thompson,Grass-roots non-volatile customer loyalty,3/23/2026,4/6/2026,53,High,5/29/2026
Marcus Howard,Secured attitude-oriented framework,3/24/2026,4/7/2026,52,High,5/29/2026
Jacob Sullivan,Cross-group zero tolerance firmware,3/24/2026,4/7/2026,52,High,5/29/2026
Samuel Sanders,Centralized mobile archive,3/24/2026,4/7/2026,52,High,5/29/2026
Sean Archer,Team-oriented scalable groupware,3/25/2026,4/8/2026,51,High,5/29/2026
Mitchell Smith,Front-line composite policy,3/26/2026,4/9/2026,50,High,5/29/2026
Timothy Kelly,Cross-group zero tolerance firmware,3/26/2026,4/9/2026,50,High,5/29/2026
Anita Fletcher,Cross-group zero tolerance firmware,3/26/2026,4/9/2026,50,High,5/29/2026
Kimberly Nixon,Front-line composite policy,3/26/2026,4/9/2026,50,High,5/29/2026
Ruth Clark,Front-line composite policy,3/26/2026,4/9/2026,50,High,5/29/2026
Lauren Hooper,Exclusive solution-oriented model,3/27/2026,4/10/2026,49,High,5/29/2026
Frank Simpson,Centralized mobile archive,3/27/2026,4/10/2026,49,High,5/29/2026
Edward Ali PhD,Exclusive solution-oriented model,3/27/2026,4/10/2026,49,High,5/29/2026
Maria Myers,User-friendly disintermediate parallelism,3/28/2026,4/11/2026,48,High,5/29/2026
Laurie Williams,Multi-channeled well-modulated circuit,3/28/2026,4/11/2026,48,High,5/29/2026
Brian Lee,Team-oriented scalable groupware,3/29/2026,4/12/2026,47,High,5/29/2026
Jenna Fox,Secured attitude-oriented framework,3/29/2026,4/12/2026,47,High,5/29/2026
Jorge Vargas,Team-oriented scalable groupware,3/29/2026,4/12/2026,47,High,5/29/2026
Carol Young,Implemented human-resource superstructure,3/30/2026,4/13/2026,46,High,5/29/2026
Patricia Thompson,Centralized mobile archive,3/30/2026,4/13/2026,46,High,5/29/2026
Denise Harris,Front-line composite policy,3/31/2026,4/14/2026,45,High,5/29/2026
Frank Kirk,Team-oriented scalable groupware,3/31/2026,4/14/2026,45,High,5/29/2026
Timothy Arroyo,Implemented human-resource superstructure,3/31/2026,4/14/2026,45,High,5/29/2026
Denise Harris,Automated well-modulated neural-net,4/1/2026,4/15/2026,44,High,5/29/2026
Matthew Barry,Automated global website,4/1/2026,4/15/2026,44,High,5/29/2026
Lisa Jones,Exclusive solution-oriented model,4/1/2026,4/15/2026,44,High,5/29/2026
Joshua Wolfe,Cross-group zero tolerance firmware,4/1/2026,4/15/2026,44,High,5/29/2026
Shawn Lewis,User-friendly disintermediate parallelism,4/1/2026,4/15/2026,44,High,5/29/2026
Patricia Thompson,Grass-roots non-volatile customer loyalty,4/1/2026,4/15/2026,44,High,5/29/2026
Tina Roberts,Triple-buffered tertiary neural-net,4/1/2026,4/15/2026,44,High,5/29/2026
Sandra Barrett,User-friendly disintermediate parallelism,4/2/2026,4/16/2026,43,High,5/29/2026
Christina Kaiser,Cross-group zero tolerance firmware,4/2/2026,4/16/2026,43,High,5/29/2026
Xavier Torres,Implemented human-resource superstructure,4/2/2026,4/16/2026,43,High,5/29/2026
Robert Figueroa,Centralized mobile archive,4/3/2026,4/17/2026,42,High,5/29/2026
Mark Holt,Multi-channeled well-modulated circuit,4/3/2026,4/17/2026,42,High,5/29/2026
Kimberly Carr,Focused intermediate projection,4/4/2026,4/18/2026,41,High,5/29/2026
Ashley Colon,Automated global website,4/5/2026,4/19/2026,40,High,5/29/2026
Brooke Campbell,Secured attitude-oriented framework,4/7/2026,4/21/2026,38,High,5/29/2026
Jesse Malone,Implemented human-resource superstructure,4/7/2026,4/21/2026,38,High,5/29/2026
Sabrina Morse,Centralized mobile archive,4/8/2026,4/22/2026,37,High,5/29/2026
Nathan Daniels,Organized empowering archive,4/8/2026,4/22/2026,37,High,5/29/2026
Lisa Carroll,Managed didactic projection,4/9/2026,4/23/2026,36,High,5/29/2026
Danielle Schroeder,Virtual multimedia Internet solution,4/10/2026,4/24/2026,35,High,5/29/2026
Kendra Rogers,Enterprise-wide demand-driven secured line,4/10/2026,4/24/2026,35,High,5/29/2026
Matthew Garcia,Team-oriented scalable groupware,4/11/2026,4/25/2026,34,High,5/29/2026
Kenneth Payne,Exclusive solution-oriented model,4/11/2026,4/25/2026,34,High,5/29/2026
Sarah Davis,Team-oriented scalable groupware,4/12/2026,4/26/2026,33,High,5/29/2026
Kimberly Nixon,Triple-buffered tertiary neural-net,4/12/2026,4/26/2026,33,High,5/29/2026
Cody Levy,Organized empowering archive,4/12/2026,4/26/2026,33,High,5/29/2026
Bethany Tate,Secured attitude-oriented framework,4/12/2026,4/26/2026,33,High,5/29/2026
Dylan Smith,Automated well-modulated neural-net,4/14/2026,4/28/2026,31,High,5/29/2026
Kirk Phillips,Managed didactic projection,4/14/2026,4/28/2026,31,High,5/29/2026
Sandra Hernandez,Reduced value-added circuit,4/15/2026,4/29/2026,30,Medium,5/29/2026
James Lucas,Grass-roots non-volatile customer loyalty,4/15/2026,4/29/2026,30,Medium,5/29/2026
William Williams,Grass-roots non-volatile customer loyalty,4/15/2026,4/29/2026,30,Medium,5/29/2026
Rose Irwin,Exclusive solution-oriented model,4/16/2026,4/30/2026,29,Medium,5/29/2026
Susan Madden,Centralized mobile archive,4/16/2026,4/30/2026,29,Medium,5/29/2026
Michelle Boyd,Virtual multimedia Internet solution,4/16/2026,4/30/2026,29,Medium,5/29/2026
Karina Price,Implemented human-resource superstructure,4/17/2026,5/1/2026,28,Medium,5/29/2026
Daniel Gonzalez,Implemented human-resource superstructure,4/18/2026,5/2/2026,27,Medium,5/29/2026
Cheryl Williams,Multi-channeled well-modulated circuit,4/18/2026,5/2/2026,27,Medium,5/29/2026
Pamela Berry,Implemented human-resource superstructure,4/18/2026,5/2/2026,27,Medium,5/29/2026
Brandon Collins,Grass-roots non-volatile customer loyalty,4/18/2026,5/2/2026,27,Medium,5/29/2026
Jesse Malone,Centralized mobile archive,4/18/2026,5/2/2026,27,Medium,5/29/2026
Cindy Allen,Cross-group zero tolerance firmware,4/19/2026,5/3/2026,26,Medium,5/29/2026
Brittany Cox,Managed didactic projection,4/19/2026,5/3/2026,26,Medium,5/29/2026
Derek Mendoza,Front-line composite policy,4/20/2026,5/4/2026,25,Medium,5/29/2026
Mrs. Tiffany Wright,Reduced value-added circuit,4/20/2026,5/4/2026,25,Medium,5/29/2026
Dr. Elizabeth Hanna,Centralized mobile archive,4/20/2026,5/4/2026,25,Medium,5/29/2026
Ashley Lang,Multi-channeled well-modulated circuit,4/21/2026,5/5/2026,24,Medium,5/29/2026
Eileen Patton,Reduced value-added circuit,4/21/2026,5/5/2026,24,Medium,5/29/2026
William Gutierrez,Reduced value-added circuit,4/23/2026,5/7/2026,22,Medium,5/29/2026
Natasha Hudson,Front-line composite policy,4/23/2026,5/7/2026,22,Medium,5/29/2026
Jose Hess,Centralized mobile archive,4/24/2026,5/8/2026,21,Medium,5/29/2026
Dr. Steven Greene,Triple-buffered tertiary neural-net,4/24/2026,5/8/2026,21,Medium,5/29/2026
Sandra Reeves,Team-oriented scalable groupware,4/24/2026,5/8/2026,21,Medium,5/29/2026
Haley Jones,Automated global website,4/24/2026,5/8/2026,21,Medium,5/29/2026
Emily Beck,Centralized mobile archive,4/25/2026,5/9/2026,20,Medium,5/29/2026
Stephanie Kim,Exclusive solution-oriented model,4/26/2026,5/10/2026,19,Medium,5/29/2026
William Williams,Managed didactic projection,4/26/2026,5/10/2026,19,Medium,5/29/2026
Justin Cook,Exclusive solution-oriented model,4/26/2026,5/10/2026,19,Medium,5/29/2026
David Barker,Triple-buffered tertiary neural-net,4/26/2026,5/10/2026,19,Medium,5/29/2026
Emily Lloyd,Centralized mobile archive,4/28/2026,5/12/2026,17,Medium,5/29/2026
Donna Rivera,Cross-group zero tolerance firmware,4/28/2026,5/12/2026,17,Medium,5/29/2026
Russell Solis,Focused intermediate projection,4/29/2026,5/13/2026,16,Medium,5/29/2026
Sean Rivera,Organized empowering archive,4/29/2026,5/13/2026,16,Medium,5/29/2026
Daniel Bradshaw,Managed didactic projection,4/29/2026,5/13/2026,16,Medium,5/29/2026
